exposure_id,sector,sic_range,rating,pd,ead_eur_m
1,Light Manufacturing,2000-2999,BBB,0.0007,48.19
2,Transportation,4000-4799,BBB+,0.0008,65.28
3,"Finance, Insurance & Real Estate",6000-6999,B,0.0193,26.07
4,Transportation,4000-4799,BB-,0.0103,13.22
5,Utilities,4900-4999,B-,0.031,51.7
6,Light Manufacturing,2000-2999,B,0.0193,18.51
7,Services,7000-7999,BB+,0.0024,19.94
8,Light Manufacturing,2000-2999,BBB,0.0007,28.3
9,Heavy Manufacturing,3000-3999,BBB+,0.0008,67.45
10,"Finance, Insurance & Real Estate",6000-6999,CC,0.2387,19.3
11,Communications,4800-4899,B,0.0193,55.0
12,Heavy Manufacturing,3000-3999,B+,0.0137,36.98
13,Utilities,4900-4999,BB+,0.0024,57.31
14,Services,7000-7999,BB+,0.0024,10.99
15,Utilities,4900-4999,BB+,0.0024,70.28
16,Light Manufacturing,2000-2999,BB+,0.0024,17.18
17,"Finance, Insurance & Real Estate",6000-6999,AA-,0.0007,146.84
18,Utilities,4900-4999,BB,0.005,77.78
19,"Finance, Insurance & Real Estate",6000-6999,BB+,0.0024,79.76
20,Utilities,4900-4999,BB-,0.0103,66.45
21,Communications,4800-4899,BB-,0.0103,37.68
22,Utilities,4900-4999,B,0.0193,54.43
23,Light Manufacturing,2000-2999,BB,0.005,14.63
24,"Health, Legal & Educational Services",8000-8999,B,0.0193,11.39
25,Transportation,4000-4799,AA,0.000833,169.9
26,Communications,4800-4899,BBB+,0.0008,98.86
27,Heavy Manufacturing,3000-3999,CCC,0.2387,5.04
28,Utilities,4900-4999,BBB+,0.0008,56.12
29,"Finance, Insurance & Real Estate",6000-6999,BB+,0.0024,12.4
30,"Health, Legal & Educational Services",8000-8999,B+,0.0137,25.87
31,Light Manufacturing,2000-2999,BBB,0.0007,10.81
32,"Finance, Insurance & Real Estate",6000-6999,B+,0.0137,35.47
33,Mining & Construction,1000-1999,A-,0.0006,154.69
34,Communications,4800-4899,A+,0.00065,180.96
35,Heavy Manufacturing,3000-3999,A-,0.0006,118.56
36,Transportation,4000-4799,A,0.0006,65.11
37,"Finance, Insurance & Real Estate",6000-6999,BB,0.005,69.29
38,Heavy Manufacturing,3000-3999,BB+,0.0024,108.49
39,Light Manufacturing,2000-2999,BB-,0.0103,21.22
40,"Finance, Insurance & Real Estate",6000-6999,BBB+,0.0008,110.11
41,Mining & Construction,1000-1999,C,0.2387,12.03
42,Wholesale & Retail Trade,5000-5999,BB,0.005,22.23
43,Heavy Manufacturing,3000-3999,BB,0.005,42.34
44,Utilities,4900-4999,B+,0.0137,80.73
45,Services,7000-7999,BB+,0.0024,13.61
46,Light Manufacturing,2000-2999,BBB-,0.002,11.59
47,Light Manufacturing,2000-2999,BB,0.005,25.73
48,Communications,4800-4899,B,0.0193,34.65
49,"Finance, Insurance & Real Estate",6000-6999,B+,0.0137,64.64
50,Services,7000-7999,B,0.0193,17.9
51,Mining & Construction,1000-1999,BBB-,0.002,39.53
52,Services,7000-7999,BBB,0.0007,41.65
53,"Finance, Insurance & Real Estate",6000-6999,CCC-,0.2387,31.53
54,Services,7000-7999,BB+,0.0024,27.87
55,"Finance, Insurance & Real Estate",6000-6999,B+,0.0137,31.81
56,"Finance, Insurance & Real Estate",6000-6999,B,0.0193,44.09
57,Wholesale & Retail Trade,5000-5999,CCC+,0.2387,7.4
58,Wholesale & Retail Trade,5000-5999,A-,0.0006,3.72
59,Wholesale & Retail Trade,5000-5999,BBB-,0.002,51.85
60,Light Manufacturing,2000-2999,BBB-,0.002,13.93
61,Utilities,4900-4999,BB+,0.0024,67.2
62,"Finance, Insurance & Real Estate",6000-6999,AA-,0.0007,120.27
63,Mining & Construction,1000-1999,BB,0.005,33.97
64,Communications,4800-4899,AA+,0.000967,148.61
65,Services,7000-7999,BB-,0.0103,5.03
66,Utilities,4900-4999,B+,0.0137,61.29
67,"Finance, Insurance & Real Estate",6000-6999,B+,0.0137,38.59
68,Mining & Construction,1000-1999,BBB+,0.0008,74.5
69,Services,7000-7999,B,0.0193,20.16
70,"Health, Legal & Educational Services",8000-8999,BBB,0.0007,45.05
71,"Finance, Insurance & Real Estate",6000-6999,BBB+,0.0008,151.54
72,Light Manufacturing,2000-2999,BBB,0.0007,76.07
73,Wholesale & Retail Trade,5000-5999,BBB,0.0007,43.67
74,Light Manufacturing,2000-2999,BB-,0.0103,5.85
75,Heavy Manufacturing,3000-3999,B,0.0193,25.57
76,"Finance, Insurance & Real Estate",6000-6999,A+,0.00065,127.55
77,Mining & Construction,1000-1999,BBB-,0.002,58.71
78,Transportation,4000-4799,B,0.0193,18.0
79,Services,7000-7999,BB-,0.0103,9.68
80,Wholesale & Retail Trade,5000-5999,B+,0.0137,23.3
81,Mining & Construction,1000-1999,A-,0.0006,119.91
82,Utilities,4900-4999,B,0.0193,21.0
83,Communications,4800-4899,A-,0.0006,120.97
84,"Finance, Insurance & Real Estate",6000-6999,BB-,0.0103,39.5
85,Services,7000-7999,CCC+,0.2387,6.56
86,"Finance, Insurance & Real Estate",6000-6999,CCC-,0.2387,27.12
87,Services,7000-7999,B+,0.0137,14.82
88,"Finance, Insurance & Real Estate",6000-6999,B,0.0193,23.94
89,Utilities,4900-4999,BBB-,0.002,94.47
90,Utilities,4900-4999,BBB-,0.002,8.25
91,Mining & Construction,1000-1999,B-,0.031,15.77
92,"Finance, Insurance & Real Estate",6000-6999,BB,0.005,39.62
93,Utilities,4900-4999,BB,0.005,23.77
94,"Finance, Insurance & Real Estate",6000-6999,A-,0.0006,109.98
95,Utilities,4900-4999,BB-,0.0103,62.65
96,Light Manufacturing,2000-2999,B+,0.0137,13.51
97,"Finance, Insurance & Real Estate",6000-6999,BBB,0.0007,73.93
98,Mining & Construction,1000-1999,BBB-,0.002,75.33
99,Utilities,4900-4999,CCC,0.2387,38.91
100,Communications,4800-4899,BB-,0.0103,26.88
101,Mining & Construction,1000-1999,BB+,0.0024,56.49
102,Light Manufacturing,2000-2999,BBB+,0.0008,67.7
103,Wholesale & Retail Trade,5000-5999,BBB-,0.002,30.53
104,Mining & Construction,1000-1999,BB+,0.0024,29.76
105,Services,7000-7999,CCC+,0.2387,4.97
106,Utilities,4900-4999,BBB-,0.002,77.86
107,Heavy Manufacturing,3000-3999,CCC,0.2387,6.62
108,"Finance, Insurance & Real Estate",6000-6999,BBB,0.0007,160.8
109,Public Administration,9000-9999,BB+,0.0024,25.86
110,"Finance, Insurance & Real Estate",6000-6999,B,0.0193,38.74
111,Utilities,4900-4999,BB+,0.0024,84.77
112,"Finance, Insurance & Real Estate",6000-6999,BBB,0.0007,105.64
113,Utilities,4900-4999,BB,0.005,53.54
114,Communications,4800-4899,B+,0.0137,14.61
115,Mining & Construction,1000-1999,A,0.0006,160.15
116,"Finance, Insurance & Real Estate",6000-6999,BB+,0.0024,57.67
117,Utilities,4900-4999,BB,0.005,68.51
118,Light Manufacturing,2000-2999,BB+,0.0024,32.89
119,Mining & Construction,1000-1999,B,0.0193,42.4
120,Light Manufacturing,2000-2999,BBB-,0.002,47.92
121,Heavy Manufacturing,3000-3999,BB+,0.0024,67.36
122,Services,7000-7999,BB,0.005,28.23
123,Communications,4800-4899,B,0.0193,33.4
124,Utilities,4900-4999,BB+,0.0024,87.19
125,Light Manufacturing,2000-2999,CCC+,0.2387,6.44
126,Utilities,4900-4999,BBB,0.0007,11.02
127,"Finance, Insurance & Real Estate",6000-6999,CCC+,0.2387,17.62
128,"Finance, Insurance & Real Estate",6000-6999,BBB,0.0007,37.15
129,Utilities,4900-4999,BB+,0.0024,171.19
130,Utilities,4900-4999,BB-,0.0103,95.04
131,Utilities,4900-4999,CCC-,0.2387,40.07
132,Heavy Manufacturing,3000-3999,B,0.0193,16.32
133,"Health, Legal & Educational Services",8000-8999,BB+,0.0024,43.85
134,Communications,4800-4899,CCC+,0.2387,4.22
135,Services,7000-7999,BB+,0.0024,9.52
136,Communications,4800-4899,BBB,0.0007,49.37
137,Heavy Manufacturing,3000-3999,B+,0.0137,13.34
138,Transportation,4000-4799,BB,0.005,40.41
139,Mining & Construction,1000-1999,B,0.0193,28.54
140,Light Manufacturing,2000-2999,BBB-,0.002,67.11
141,"Finance, Insurance & Real Estate",6000-6999,BB-,0.0103,63.73
142,Light Manufacturing,2000-2999,B+,0.0137,29.75
143,"Finance, Insurance & Real Estate",6000-6999,BB-,0.0103,51.43
144,"Finance, Insurance & Real Estate",6000-6999,BB,0.005,46.36
145,Light Manufacturing,2000-2999,BBB-,0.002,23.49
146,Services,7000-7999,B,0.0193,3.2
147,Utilities,4900-4999,BB,0.005,38.96
148,Communications,4800-4899,B+,0.0137,29.74
149,Heavy Manufacturing,3000-3999,BB+,0.0024,58.51
150,"Finance, Insurance & Real Estate",6000-6999,BB,0.005,7.88
151,"Health, Legal & Educational Services",8000-8999,BBB+,0.0008,10.29
152,Utilities,4900-4999,BB,0.005,71.63
153,Utilities,4900-4999,B,0.0193,21.83
154,Services,7000-7999,BB,0.005,23.37
155,"Finance, Insurance & Real Estate",6000-6999,B,0.0193,25.83
156,Communications,4800-4899,BB-,0.0103,26.77
157,"Finance, Insurance & Real Estate",6000-6999,CCC+,0.2387,6.68
158,Utilities,4900-4999,BB+,0.0024,74.67
159,"Finance, Insurance & Real Estate",6000-6999,A,0.0006,70.0
160,Services,7000-7999,B+,0.0137,10.41
161,Utilities,4900-4999,BB+,0.0024,55.11
162,"Health, Legal & Educational Services",8000-8999,BBB,0.0007,31.5
163,Mining & Construction,1000-1999,B+,0.0137,32.24
164,Mining & Construction,1000-1999,BB-,0.0103,4.88
165,Heavy Manufacturing,3000-3999,B+,0.0137,24.08
166,Utilities,4900-4999,BB+,0.0024,92.35
167,Utilities,4900-4999,BB-,0.0103,81.76
168,Transportation,4000-4799,BB-,0.0103,44.28
169,"Finance, Insurance & Real Estate",6000-6999,CCC,0.2387,22.1
170,Public Administration,9000-9999,BBB-,0.002,18.01
171,Communications,4800-4899,BB,0.005,31.06
172,Utilities,4900-4999,BB-,0.0103,78.57
173,Mining & Construction,1000-1999,A,0.0006,57.1
174,Utilities,4900-4999,A,0.0006,210.73
175,Utilities,4900-4999,CC,0.2387,41.29
176,Light Manufacturing,2000-2999,A,0.0006,26.96
177,"Finance, Insurance & Real Estate",6000-6999,B+,0.0137,45.76
178,Light Manufacturing,2000-2999,BBB,0.0007,37.85
179,"Health, Legal & Educational Services",8000-8999,BBB,0.0007,58.0
180,Utilities,4900-4999,A+,0.00065,225.35
181,Communications,4800-4899,BBB,0.0007,58.83
182,Light Manufacturing,2000-2999,B,0.0193,19.43
183,"Finance, Insurance & Real Estate",6000-6999,A-,0.0006,54.12
184,Wholesale & Retail Trade,5000-5999,B+,0.0137,15.25
185,"Finance, Insurance & Real Estate",6000-6999,BB-,0.0103,46.86
186,Utilities,4900-4999,CCC-,0.2387,27.79
187,Public Administration,9000-9999,BBB-,0.002,48.46
188,Utilities,4900-4999,B-,0.031,20.79
189,Services,7000-7999,B,0.0193,1.0
190,Heavy Manufacturing,3000-3999,BB+,0.0024,34.16
191,Services,7000-7999,A,0.0006,24.37
192,Mining & Construction,1000-1999,CCC+,0.2387,10.4
193,Utilities,4900-4999,A-,0.0006,258.24
194,Communications,4800-4899,BBB-,0.002,103.02
195,"Finance, Insurance & Real Estate",6000-6999,B,0.0193,29.67
196,Light Manufacturing,2000-2999,B-,0.031,4.29
197,Utilities,4900-4999,BBB,0.0007,41.69
198,Light Manufacturing,2000-2999,BB,0.005,29.33
199,"Finance, Insurance & Real Estate",6000-6999,BB+,0.0024,92.08
200,"Finance, Insurance & Real Estate",6000-6999,B-,0.031,23.53
201,Heavy Manufacturing,3000-3999,C,0.2387,13.1
202,Utilities,4900-4999,A,0.0006,159.82
203,Services,7000-7999,B,0.0193,19.93
204,Heavy Manufacturing,3000-3999,AA+,0.000967,4.03
205,Wholesale & Retail Trade,5000-5999,BB,0.005,23.72
206,Communications,4800-4899,BBB+,0.0008,102.46
207,Heavy Manufacturing,3000-3999,CCC-,0.2387,20.84
208,Utilities,4900-4999,BB-,0.0103,65.35
209,Services,7000-7999,BBB,0.0007,14.39
210,Utilities,4900-4999,BBB-,0.002,66.62
211,"Finance, Insurance & Real Estate",6000-6999,BBB-,0.002,16.65
212,"Health, Legal & Educational Services",8000-8999,BB-,0.0103,16.78
213,Heavy Manufacturing,3000-3999,BB+,0.0024,46.15
214,Communications,4800-4899,B+,0.0137,44.45
215,Heavy Manufacturing,3000-3999,CCC+,0.2387,7.02
216,Heavy Manufacturing,3000-3999,B+,0.0137,10.86
217,"Finance, Insurance & Real Estate",6000-6999,BBB+,0.0008,158.65
218,"Finance, Insurance & Real Estate",6000-6999,A,0.0006,120.02
219,Mining & Construction,1000-1999,BBB,0.0007,119.87
220,Heavy Manufacturing,3000-3999,B-,0.031,23.6
221,"Finance, Insurance & Real Estate",6000-6999,BB+,0.0024,16.15
222,Transportation,4000-4799,BBB-,0.002,73.5
223,"Finance, Insurance & Real Estate",6000-6999,BB,0.005,80.88
224,Light Manufacturing,2000-2999,A-,0.0006,39.18
225,"Finance, Insurance & Real Estate",6000-6999,BBB+,0.0008,3.39
226,Communications,4800-4899,B+,0.0137,46.98
227,Utilities,4900-4999,BB+,0.0024,72.95
228,"Finance, Insurance & Real Estate",6000-6999,BBB-,0.002,79.72
229,"Finance, Insurance & Real Estate",6000-6999,BB-,0.0103,1.0
230,"Finance, Insurance & Real Estate",6000-6999,BBB-,0.002,86.0
231,"Finance, Insurance & Real Estate",6000-6999,BBB-,0.002,1.0
232,Heavy Manufacturing,3000-3999,BBB-,0.002,27.14
233,Light Manufacturing,2000-2999,B+,0.0137,26.72
234,Transportation,4000-4799,BB,0.005,5.16
235,Transportation,4000-4799,BBB+,0.0008,8.01
236,Services,7000-7999,BB+,0.0024,18.6
237,Mining & Construction,1000-1999,B+,0.0137,54.7
238,Services,7000-7999,CCC-,0.2387,14.46
239,Transportation,4000-4799,BBB+,0.0008,48.69
240,"Finance, Insurance & Real Estate",6000-6999,BB-,0.0103,63.74
241,"Finance, Insurance & Real Estate",6000-6999,BB+,0.0024,77.37
242,Utilities,4900-4999,B,0.0193,47.34
243,"Finance, Insurance & Real Estate",6000-6999,B+,0.0137,44.14
244,Heavy Manufacturing,3000-3999,CCC+,0.2387,8.77
245,Utilities,4900-4999,B+,0.0137,66.75
246,Utilities,4900-4999,BBB-,0.002,135.52
247,Utilities,4900-4999,BBB-,0.002,204.4
248,"Finance, Insurance & Real Estate",6000-6999,BB-,0.0103,61.95
249,Communications,4800-4899,BB-,0.0103,1.0
250,Mining & Construction,1000-1999,CC,0.2387,6.34
251,Heavy Manufacturing,3000-3999,CCC,0.2387,16.38
252,"Finance, Insurance & Real Estate",6000-6999,BBB+,0.0008,92.93
253,Light Manufacturing,2000-2999,BB-,0.0103,2.23
254,Mining & Construction,1000-1999,A-,0.0006,74.24
255,"Finance, Insurance & Real Estate",6000-6999,A,0.0006,90.05
256,Utilities,4900-4999,B,0.0193,41.19
257,"Finance, Insurance & Real Estate",6000-6999,B+,0.0137,35.11
258,"Finance, Insurance & Real Estate",6000-6999,BBB+,0.0008,131.21
259,"Finance, Insurance & Real Estate",6000-6999,CCC,0.2387,34.6
260,Light Manufacturing,2000-2999,BBB,0.0007,53.03
261,Light Manufacturing,2000-2999,BBB+,0.0008,20.91
262,Wholesale & Retail Trade,5000-5999,B+,0.0137,9.34
263,Utilities,4900-4999,BB-,0.0103,38.24
264,"Finance, Insurance & Real Estate",6000-6999,BB+,0.0024,58.17
265,Services,7000-7999,BB,0.005,15.69
266,"Finance, Insurance & Real Estate",6000-6999,BB-,0.0103,34.97
267,"Finance, Insurance & Real Estate",6000-6999,BB,0.005,26.83
268,"Health, Legal & Educational Services",8000-8999,BB+,0.0024,31.81
269,Communications,4800-4899,A+,0.00065,166.59
270,Utilities,4900-4999,A-,0.0006,187.02
271,"Finance, Insurance & Real Estate",6000-6999,B+,0.0137,35.92
272,Utilities,4900-4999,BBB-,0.002,109.94
273,Utilities,4900-4999,B+,0.0137,28.16
274,Wholesale & Retail Trade,5000-5999,B-,0.031,5.96
275,Light Manufacturing,2000-2999,BB+,0.0024,22.11
276,"Finance, Insurance & Real Estate",6000-6999,BB-,0.0103,54.85
277,Transportation,4000-4799,CCC-,0.2387,14.1
278,Mining & Construction,1000-1999,B+,0.0137,12.82
279,"Finance, Insurance & Real Estate",6000-6999,CCC,0.2387,20.9
280,"Finance, Insurance & Real Estate",6000-6999,CCC+,0.2387,24.2
281,Light Manufacturing,2000-2999,B,0.0193,17.5
282,"Finance, Insurance & Real Estate",6000-6999,BB,0.005,33.27
283,Mining & Construction,1000-1999,BBB,0.0007,65.99
284,Heavy Manufacturing,3000-3999,BBB+,0.0008,49.27
285,"Finance, Insurance & Real Estate",6000-6999,B+,0.0137,31.35
286,Services,7000-7999,B+,0.0137,14.31
287,Services,7000-7999,BB+,0.0024,33.02
288,Transportation,4000-4799,B,0.0193,46.03
289,Mining & Construction,1000-1999,BBB-,0.002,99.59
290,Mining & Construction,1000-1999,B-,0.031,28.89
291,"Finance, Insurance & Real Estate",6000-6999,BB,0.005,39.96
292,"Finance, Insurance & Real Estate",6000-6999,BB,0.005,42.25
293,"Finance, Insurance & Real Estate",6000-6999,BB,0.005,43.32
294,"Health, Legal & Educational Services",8000-8999,BB,0.005,28.36
295,Mining & Construction,1000-1999,C,0.2387,1.0
296,Transportation,4000-4799,A,0.0006,93.81
297,Utilities,4900-4999,BB-,0.0103,4.44
298,Communications,4800-4899,B-,0.031,26.35
299,"Finance, Insurance & Real Estate",6000-6999,B,0.0193,54.02
300,"Finance, Insurance & Real Estate",6000-6999,BB+,0.0024,32.67
301,Utilities,4900-4999,CCC,0.2387,1.0
302,Heavy Manufacturing,3000-3999,BBB+,0.0008,105.03
303,Heavy Manufacturing,3000-3999,A-,0.0006,124.21
304,Light Manufacturing,2000-2999,B+,0.0137,23.24
305,Light Manufacturing,2000-2999,A-,0.0006,80.13
306,Heavy Manufacturing,3000-3999,AA-,0.0007,57.55
307,"Health, Legal & Educational Services",8000-8999,B,0.0193,18.56
308,Light Manufacturing,2000-2999,B,0.0193,29.51
309,Services,7000-7999,B,0.0193,17.16
310,"Finance, Insurance & Real Estate",6000-6999,BBB-,0.002,79.84
311,Utilities,4900-4999,BB-,0.0103,87.97
312,Heavy Manufacturing,3000-3999,BBB,0.0007,88.6
313,Heavy Manufacturing,3000-3999,CCC,0.2387,8.61
314,Utilities,4900-4999,B,0.0193,68.77
315,Utilities,4900-4999,B,0.0193,56.77
316,Transportation,4000-4799,A+,0.00065,102.14
317,Mining & Construction,1000-1999,B,0.0193,42.95
318,Heavy Manufacturing,3000-3999,CCC+,0.2387,20.66
319,"Finance, Insurance & Real Estate",6000-6999,B-,0.031,37.76
320,"Finance, Insurance & Real Estate",6000-6999,B,0.0193,24.25
321,"Finance, Insurance & Real Estate",6000-6999,BB,0.005,70.84
322,"Finance, Insurance & Real Estate",6000-6999,BB+,0.0024,26.74
323,"Health, Legal & Educational Services",8000-8999,B+,0.0137,12.65
324,"Finance, Insurance & Real Estate",6000-6999,BB-,0.0103,6.52
325,Utilities,4900-4999,BB-,0.0103,11.79
326,"Finance, Insurance & Real Estate",6000-6999,BB+,0.0024,73.29
327,Mining & Construction,1000-1999,CCC,0.2387,15.34
328,"Finance, Insurance & Real Estate",6000-6999,BBB+,0.0008,93.81
329,"Finance, Insurance & Real Estate",6000-6999,BB,0.005,64.8
330,"Finance, Insurance & Real Estate",6000-6999,BBB-,0.002,82.25
331,Utilities,4900-4999,B-,0.031,21.12
332,Heavy Manufacturing,3000-3999,CCC+,0.2387,14.53
333,Services,7000-7999,B-,0.031,10.63
334,Utilities,4900-4999,B,0.0193,32.11
335,Utilities,4900-4999,A-,0.0006,122.53
336,Services,7000-7999,CCC-,0.2387,6.54
337,Communications,4800-4899,B+,0.0137,25.29
338,"Finance, Insurance & Real Estate",6000-6999,BB,0.005,41.64
339,Services,7000-7999,BB,0.005,22.35
340,Services,7000-7999,BB+,0.0024,48.76
341,"Finance, Insurance & Real Estate",6000-6999,BB-,0.0103,25.14
342,Mining & Construction,1000-1999,BB-,0.0103,42.87
343,"Finance, Insurance & Real Estate",6000-6999,BB+,0.0024,16.16
344,"Finance, Insurance & Real Estate",6000-6999,AA,0.000833,287.2
345,Light Manufacturing,2000-2999,BB,0.005,21.0
346,Heavy Manufacturing,3000-3999,B+,0.0137,28.12
347,Light Manufacturing,2000-2999,B+,0.0137,30.25
348,Heavy Manufacturing,3000-3999,BB+,0.0024,63.33
349,"Finance, Insurance & Real Estate",6000-6999,B+,0.0137,9.53
350,Communications,4800-4899,B-,0.031,33.12
351,Utilities,4900-4999,BBB-,0.002,81.45
352,Wholesale & Retail Trade,5000-5999,CCC+,0.2387,11.52
353,Light Manufacturing,2000-2999,A+,0.00065,67.07
354,Utilities,4900-4999,BBB+,0.0008,156.75
355,"Finance, Insurance & Real Estate",6000-6999,BBB,0.0007,91.68
356,Light Manufacturing,2000-2999,AA,0.000833,74.63
357,Utilities,4900-4999,BBB,0.0007,160.49
358,Mining & Construction,1000-1999,B-,0.031,5.02
359,Light Manufacturing,2000-2999,B-,0.031,10.89
360,"Finance, Insurance & Real Estate",6000-6999,BB,0.005,26.11
361,Services,7000-7999,CCC,0.2387,7.42
362,"Finance, Insurance & Real Estate",6000-6999,BB-,0.0103,33.36
363,Services,7000-7999,BBB-,0.002,25.93
364,Services,7000-7999,BB-,0.0103,12.83
365,Transportation,4000-4799,BB,0.005,29.55
366,Mining & Construction,1000-1999,B,0.0193,4.63
367,"Finance, Insurance & Real Estate",6000-6999,A-,0.0006,98.12
368,Light Manufacturing,2000-2999,B,0.0193,18.65
369,Light Manufacturing,2000-2999,BBB-,0.002,24.98
370,Mining & Construction,1000-1999,B,0.0193,17.46
371,Utilities,4900-4999,A-,0.0006,91.33
372,Mining & Construction,1000-1999,BB+,0.0024,88.3
373,"Finance, Insurance & Real Estate",6000-6999,BB,0.005,54.7
374,Utilities,4900-4999,B,0.0193,49.81
375,Heavy Manufacturing,3000-3999,BBB+,0.0008,53.27
376,Light Manufacturing,2000-2999,CCC,0.2387,7.6
377,"Finance, Insurance & Real Estate",6000-6999,B+,0.0137,21.03
378,"Health, Legal & Educational Services",8000-8999,BBB-,0.002,44.63
379,Mining & Construction,1000-1999,B-,0.031,3.3
380,Services,7000-7999,BB,0.005,23.0
381,Utilities,4900-4999,B-,0.031,35.35
382,Transportation,4000-4799,CC,0.2387,13.36
383,Services,7000-7999,B,0.0193,2.82
384,"Health, Legal & Educational Services",8000-8999,BBB-,0.002,9.64
385,"Finance, Insurance & Real Estate",6000-6999,BB+,0.0024,89.45
386,Light Manufacturing,2000-2999,B+,0.0137,12.51
387,Utilities,4900-4999,BB-,0.0103,77.67
388,Heavy Manufacturing,3000-3999,BBB,0.0007,75.29
389,Utilities,4900-4999,BBB-,0.002,115.33
390,"Finance, Insurance & Real Estate",6000-6999,B+,0.0137,51.78
391,Light Manufacturing,2000-2999,CC,0.2387,4.19
392,Mining & Construction,1000-1999,AA,0.000833,97.66
393,Utilities,4900-4999,B,0.0193,55.48
394,Public Administration,9000-9999,BB+,0.0024,13.28
395,Utilities,4900-4999,B,0.0193,74.71
396,Utilities,4900-4999,B,0.0193,31.34
397,Services,7000-7999,BB,0.005,19.36
398,Light Manufacturing,2000-2999,BBB+,0.0008,22.86
399,Utilities,4900-4999,A-,0.0006,151.95
400,Utilities,4900-4999,A+,0.00065,107.46
401,Transportation,4000-4799,B-,0.031,18.5
402,Transportation,4000-4799,BB+,0.0024,21.0
403,Mining & Construction,1000-1999,BBB-,0.002,89.37
404,Utilities,4900-4999,BB+,0.0024,19.23
405,Communications,4800-4899,A-,0.0006,115.85
406,"Finance, Insurance & Real Estate",6000-6999,BB-,0.0103,47.54
407,Utilities,4900-4999,CCC+,0.2387,31.25
408,Heavy Manufacturing,3000-3999,B-,0.031,9.15
409,Utilities,4900-4999,A-,0.0006,192.02
410,Utilities,4900-4999,CCC+,0.2387,37.57
411,"Health, Legal & Educational Services",8000-8999,BBB,0.0007,31.1
412,"Finance, Insurance & Real Estate",6000-6999,A+,0.00065,144.54
413,Heavy Manufacturing,3000-3999,BBB+,0.0008,57.9
414,"Finance, Insurance & Real Estate",6000-6999,BBB,0.0007,105.72
415,"Finance, Insurance & Real Estate",6000-6999,BB,0.005,29.47
416,"Finance, Insurance & Real Estate",6000-6999,BBB+,0.0008,114.97
417,Public Administration,9000-9999,A-,0.0006,72.19
418,Communications,4800-4899,BB+,0.0024,20.38
419,Wholesale & Retail Trade,5000-5999,CCC-,0.2387,1.0
420,"Finance, Insurance & Real Estate",6000-6999,BBB-,0.002,65.9
421,Mining & Construction,1000-1999,B+,0.0137,27.58
422,Light Manufacturing,2000-2999,BB,0.005,39.62
423,Light Manufacturing,2000-2999,C,0.2387,8.99
424,Communications,4800-4899,A+,0.00065,92.62
425,Utilities,4900-4999,B-,0.031,13.31
426,Light Manufacturing,2000-2999,BBB+,0.0008,43.09
427,Utilities,4900-4999,BBB-,0.002,66.48
428,Utilities,4900-4999,BB,0.005,31.92
429,Heavy Manufacturing,3000-3999,D,1.0,9.85
430,"Finance, Insurance & Real Estate",6000-6999,BBB,0.0007,122.28
431,Utilities,4900-4999,A+,0.00065,169.46
432,Light Manufacturing,2000-2999,CCC+,0.2387,4.96
433,Light Manufacturing,2000-2999,BBB,0.0007,46.28
434,Services,7000-7999,BB+,0.0024,10.82
435,Mining & Construction,1000-1999,BB,0.005,8.45
436,Heavy Manufacturing,3000-3999,BB,0.005,43.9
437,Wholesale & Retail Trade,5000-5999,BB+,0.0024,19.14
438,"Finance, Insurance & Real Estate",6000-6999,BB-,0.0103,66.16
439,"Finance, Insurance & Real Estate",6000-6999,BB-,0.0103,49.11
440,Utilities,4900-4999,B,0.0193,26.52
441,"Finance, Insurance & Real Estate",6000-6999,BB+,0.0024,66.58
442,Heavy Manufacturing,3000-3999,BBB,0.0007,93.31
443,Heavy Manufacturing,3000-3999,BBB+,0.0008,56.89
444,"Finance, Insurance & Real Estate",6000-6999,B+,0.0137,17.6
445,Communications,4800-4899,BB,0.005,33.45
446,Heavy Manufacturing,3000-3999,B+,0.0137,15.27
447,Light Manufacturing,2000-2999,B+,0.0137,8.12
448,Transportation,4000-4799,CCC,0.2387,5.89
449,Wholesale & Retail Trade,5000-5999,BB-,0.0103,22.65
450,"Finance, Insurance & Real Estate",6000-6999,B,0.0193,50.53
451,"Finance, Insurance & Real Estate",6000-6999,BBB+,0.0008,73.72
452,Transportation,4000-4799,BBB+,0.0008,93.89
453,"Finance, Insurance & Real Estate",6000-6999,BB+,0.0024,87.25
454,Communications,4800-4899,BBB+,0.0008,153.08
455,Utilities,4900-4999,B+,0.0137,44.56
456,Utilities,4900-4999,A-,0.0006,109.04
457,Heavy Manufacturing,3000-3999,BB,0.005,42.58
458,Transportation,4000-4799,AA,0.000833,127.22
459,"Finance, Insurance & Real Estate",6000-6999,BBB+,0.0008,103.59
460,"Finance, Insurance & Real Estate",6000-6999,BB+,0.0024,98.9
461,Communications,4800-4899,BB+,0.0024,46.27
462,Utilities,4900-4999,A,0.0006,157.29
463,Utilities,4900-4999,BB,0.005,35.56
464,"Health, Legal & Educational Services",8000-8999,B,0.0193,10.77
465,Utilities,4900-4999,B+,0.0137,33.6
466,Communications,4800-4899,BBB-,0.002,43.87
467,"Health, Legal & Educational Services",8000-8999,BBB-,0.002,22.43
468,Communications,4800-4899,BBB+,0.0008,68.72
469,Communications,4800-4899,B+,0.0137,42.13
470,Communications,4800-4899,CCC+,0.2387,26.27
471,Services,7000-7999,BBB-,0.002,7.11
472,Utilities,4900-4999,A,0.0006,209.22
473,Mining & Construction,1000-1999,BB-,0.0103,1.0
474,Services,7000-7999,B+,0.0137,16.86
475,Wholesale & Retail Trade,5000-5999,AA+,0.000967,104.35
476,Wholesale & Retail Trade,5000-5999,BB,0.005,14.84
477,Wholesale & Retail Trade,5000-5999,CC,0.2387,7.79
478,"Finance, Insurance & Real Estate",6000-6999,B,0.0193,19.8
479,Utilities,4900-4999,B+,0.0137,68.88
480,Light Manufacturing,2000-2999,BB-,0.0103,1.0
481,Wholesale & Retail Trade,5000-5999,B-,0.031,6.22
482,Light Manufacturing,2000-2999,BBB,0.0007,2.81
483,Utilities,4900-4999,BBB,0.0007,113.04
484,"Finance, Insurance & Real Estate",6000-6999,BB-,0.0103,70.11
485,Utilities,4900-4999,BBB-,0.002,141.05
486,Services,7000-7999,BB-,0.0103,22.68
487,"Finance, Insurance & Real Estate",6000-6999,A+,0.00065,140.51
488,"Finance, Insurance & Real Estate",6000-6999,B,0.0193,20.05
489,Utilities,4900-4999,B,0.0193,66.01
490,Heavy Manufacturing,3000-3999,BB,0.005,46.22
491,Utilities,4900-4999,BB-,0.0103,33.72
492,Wholesale & Retail Trade,5000-5999,CCC,0.2387,3.17
493,"Finance, Insurance & Real Estate",6000-6999,BBB+,0.0008,61.71
494,Heavy Manufacturing,3000-3999,BBB,0.0007,87.16
495,Communications,4800-4899,BBB+,0.0008,135.93
496,Transportation,4000-4799,BB+,0.0024,80.5
497,Wholesale & Retail Trade,5000-5999,BBB+,0.0008,24.25
498,"Finance, Insurance & Real Estate",6000-6999,BB,0.005,41.0
499,Services,7000-7999,BBB-,0.002,47.36
500,Mining & Construction,1000-1999,A-,0.0006,88.8
501,Light Manufacturing,2000-2999,A-,0.0006,68.34
502,"Finance, Insurance & Real Estate",6000-6999,B-,0.031,9.34
503,"Finance, Insurance & Real Estate",6000-6999,BB,0.005,40.77
504,Communications,4800-4899,BB+,0.0024,57.18
505,"Finance, Insurance & Real Estate",6000-6999,BB,0.005,41.15
506,Utilities,4900-4999,BB,0.005,52.59
507,Utilities,4900-4999,B,0.0193,10.42
508,Communications,4800-4899,B+,0.0137,62.91
509,Utilities,4900-4999,BBB-,0.002,97.26
510,"Finance, Insurance & Real Estate",6000-6999,BBB,0.0007,21.87
511,Utilities,4900-4999,BBB+,0.0008,175.36
512,Utilities,4900-4999,BBB+,0.0008,120.91
513,Communications,4800-4899,CCC+,0.2387,25.57
514,Utilities,4900-4999,BBB,0.0007,95.16
515,Mining & Construction,1000-1999,A+,0.00065,61.35
516,Heavy Manufacturing,3000-3999,BBB,0.0007,34.48
517,Wholesale & Retail Trade,5000-5999,BBB,0.0007,41.47
518,Communications,4800-4899,BB-,0.0103,55.54
519,Utilities,4900-4999,BBB,0.0007,128.2
520,Light Manufacturing,2000-2999,B+,0.0137,24.7
521,Light Manufacturing,2000-2999,BB-,0.0103,33.69
522,Wholesale & Retail Trade,5000-5999,B-,0.031,13.95
523,"Finance, Insurance & Real Estate",6000-6999,CC,0.2387,30.24
524,Light Manufacturing,2000-2999,D,1.0,11.57
525,Heavy Manufacturing,3000-3999,CCC+,0.2387,16.28
526,Light Manufacturing,2000-2999,BBB+,0.0008,43.92
527,Heavy Manufacturing,3000-3999,BB+,0.0024,33.21
528,Light Manufacturing,2000-2999,BB-,0.0103,9.28
529,Light Manufacturing,2000-2999,CCC-,0.2387,2.67
530,Mining & Construction,1000-1999,B+,0.0137,50.18
531,Utilities,4900-4999,B-,0.031,36.1
532,Heavy Manufacturing,3000-3999,BB+,0.0024,30.92
533,Communications,4800-4899,B+,0.0137,62.64
534,"Finance, Insurance & Real Estate",6000-6999,B,0.0193,48.9
535,Utilities,4900-4999,BBB-,0.002,95.16
536,Transportation,4000-4799,B,0.0193,36.94
537,"Health, Legal & Educational Services",8000-8999,B-,0.031,9.17
538,Public Administration,9000-9999,BB+,0.0024,43.27
539,"Finance, Insurance & Real Estate",6000-6999,B-,0.031,53.17
540,Services,7000-7999,CCC,0.2387,12.43
541,Transportation,4000-4799,BB,0.005,33.96
542,Wholesale & Retail Trade,5000-5999,BB,0.005,30.19
543,Communications,4800-4899,BB+,0.0024,90.18
544,Mining & Construction,1000-1999,BBB-,0.002,54.23
545,Communications,4800-4899,BB-,0.0103,34.04
546,Heavy Manufacturing,3000-3999,BB+,0.0024,83.78
547,Services,7000-7999,BB+,0.0024,21.19
548,Light Manufacturing,2000-2999,BBB,0.0007,15.91
549,"Finance, Insurance & Real Estate",6000-6999,A-,0.0006,110.61
550,"Finance, Insurance & Real Estate",6000-6999,BBB,0.0007,174.51
551,Wholesale & Retail Trade,5000-5999,BB-,0.0103,25.34
552,Communications,4800-4899,BBB+,0.0008,127.74
553,"Finance, Insurance & Real Estate",6000-6999,BBB-,0.002,1.0
554,Services,7000-7999,CCC,0.2387,6.19
555,Utilities,4900-4999,B-,0.031,57.4
556,Mining & Construction,1000-1999,BBB-,0.002,47.8
557,Utilities,4900-4999,B+,0.0137,80.97
558,"Finance, Insurance & Real Estate",6000-6999,BBB-,0.002,90.85
559,"Finance, Insurance & Real Estate",6000-6999,CCC,0.2387,25.19
560,"Finance, Insurance & Real Estate",6000-6999,BBB-,0.002,133.2
561,"Finance, Insurance & Real Estate",6000-6999,BB,0.005,40.59
562,"Finance, Insurance & Real Estate",6000-6999,CCC+,0.2387,16.61
563,"Finance, Insurance & Real Estate",6000-6999,BBB,0.0007,89.5
564,Services,7000-7999,CCC+,0.2387,9.4
565,Light Manufacturing,2000-2999,BBB,0.0007,9.96
566,"Finance, Insurance & Real Estate",6000-6999,BB-,0.0103,71.47
567,Heavy Manufacturing,3000-3999,BB+,0.0024,49.84
568,Heavy Manufacturing,3000-3999,BB,0.005,34.44
569,Light Manufacturing,2000-2999,BB-,0.0103,28.96
570,"Finance, Insurance & Real Estate",6000-6999,BB,0.005,43.49
571,Light Manufacturing,2000-2999,BBB+,0.0008,74.02
572,Wholesale & Retail Trade,5000-5999,B,0.0193,15.74
573,Utilities,4900-4999,B,0.0193,58.98
574,Light Manufacturing,2000-2999,CCC+,0.2387,6.4
575,Transportation,4000-4799,CCC+,0.2387,14.18
576,"Finance, Insurance & Real Estate",6000-6999,A-,0.0006,125.38
577,Communications,4800-4899,B-,0.031,16.59
578,Light Manufacturing,2000-2999,CCC+,0.2387,7.47
579,Services,7000-7999,BBB-,0.002,29.12
580,Utilities,4900-4999,B-,0.031,56.28
581,Heavy Manufacturing,3000-3999,CCC+,0.2387,20.42
582,Utilities,4900-4999,BBB-,0.002,134.44
583,Wholesale & Retail Trade,5000-5999,A-,0.0006,53.52
584,Wholesale & Retail Trade,5000-5999,BB+,0.0024,40.0
585,Mining & Construction,1000-1999,D,1.0,22.01
586,"Health, Legal & Educational Services",8000-8999,BB-,0.0103,17.56
587,Communications,4800-4899,BBB+,0.0008,108.66
588,Services,7000-7999,BB+,0.0024,32.52
589,Wholesale & Retail Trade,5000-5999,BBB,0.0007,2.18
590,Utilities,4900-4999,BB+,0.0024,78.91
591,Public Administration,9000-9999,BB,0.005,38.12
592,Utilities,4900-4999,AA,0.000833,292.17
593,Light Manufacturing,2000-2999,BB-,0.0103,19.22
594,"Finance, Insurance & Real Estate",6000-6999,CCC+,0.2387,30.96
595,Services,7000-7999,BB+,0.0024,17.76
596,Utilities,4900-4999,BB+,0.0024,75.94
597,Mining & Construction,1000-1999,B-,0.031,41.81
598,"Finance, Insurance & Real Estate",6000-6999,BBB+,0.0008,34.48
599,Utilities,4900-4999,BBB+,0.0008,118.92
600,Utilities,4900-4999,A-,0.0006,127.88
601,"Finance, Insurance & Real Estate",6000-6999,BB+,0.0024,60.59
602,"Finance, Insurance & Real Estate",6000-6999,BB-,0.0103,33.46
603,Communications,4800-4899,BB,0.005,64.62
604,Transportation,4000-4799,B+,0.0137,15.46
605,"Finance, Insurance & Real Estate",6000-6999,B,0.0193,12.7
606,"Finance, Insurance & Real Estate",6000-6999,B+,0.0137,48.37
607,Utilities,4900-4999,BBB,0.0007,51.48
608,"Finance, Insurance & Real Estate",6000-6999,BB+,0.0024,74.09
609,Mining & Construction,1000-1999,B-,0.031,23.26
610,Utilities,4900-4999,BBB+,0.0008,84.93
611,Heavy Manufacturing,3000-3999,BB+,0.0024,36.49
612,Wholesale & Retail Trade,5000-5999,BB+,0.0024,26.25
613,Wholesale & Retail Trade,5000-5999,BB+,0.0024,33.45
614,Transportation,4000-4799,BBB+,0.0008,50.63
615,Transportation,4000-4799,A-,0.0006,71.36
616,Heavy Manufacturing,3000-3999,C,0.2387,3.73
617,Light Manufacturing,2000-2999,B,0.0193,14.7
618,"Finance, Insurance & Real Estate",6000-6999,BBB-,0.002,5.48
619,"Finance, Insurance & Real Estate",6000-6999,BB,0.005,50.63
620,Heavy Manufacturing,3000-3999,B+,0.0137,21.03
621,Wholesale & Retail Trade,5000-5999,BB+,0.0024,54.87
622,Light Manufacturing,2000-2999,B+,0.0137,30.88
623,"Finance, Insurance & Real Estate",6000-6999,BBB-,0.002,66.89
624,"Finance, Insurance & Real Estate",6000-6999,BB+,0.0024,90.19
625,Communications,4800-4899,BB,0.005,55.48
626,"Finance, Insurance & Real Estate",6000-6999,BBB-,0.002,31.76
627,"Finance, Insurance & Real Estate",6000-6999,AA,0.000833,1.0
628,Utilities,4900-4999,BB,0.005,99.72
629,Heavy Manufacturing,3000-3999,BB-,0.0103,36.43
630,Services,7000-7999,B+,0.0137,1.0
631,"Finance, Insurance & Real Estate",6000-6999,BBB,0.0007,107.21
632,Heavy Manufacturing,3000-3999,BB-,0.0103,44.36
633,Heavy Manufacturing,3000-3999,BB-,0.0103,19.92
634,Light Manufacturing,2000-2999,A,0.0006,76.88
635,Heavy Manufacturing,3000-3999,AA-,0.0007,13.28
636,Services,7000-7999,B+,0.0137,13.64
637,"Finance, Insurance & Real Estate",6000-6999,BBB,0.0007,82.84
638,Light Manufacturing,2000-2999,B-,0.031,19.14
639,"Finance, Insurance & Real Estate",6000-6999,CCC-,0.2387,24.32
640,Light Manufacturing,2000-2999,BBB-,0.002,39.29
641,Services,7000-7999,BBB-,0.002,36.23
642,Public Administration,9000-9999,BB,0.005,20.67
643,Light Manufacturing,2000-2999,B+,0.0137,32.33
644,Utilities,4900-4999,BBB+,0.0008,100.26
645,Heavy Manufacturing,3000-3999,B-,0.031,27.4
646,Utilities,4900-4999,B,0.0193,42.74
647,"Finance, Insurance & Real Estate",6000-6999,B+,0.0137,33.42
648,Heavy Manufacturing,3000-3999,BBB-,0.002,64.46
649,Services,7000-7999,B,0.0193,16.08
650,Wholesale & Retail Trade,5000-5999,B,0.0193,24.1
651,"Health, Legal & Educational Services",8000-8999,BBB+,0.0008,50.23
652,Utilities,4900-4999,CCC-,0.2387,19.52
653,Utilities,4900-4999,BB+,0.0024,97.01
654,"Finance, Insurance & Real Estate",6000-6999,BB-,0.0103,45.25
655,Light Manufacturing,2000-2999,BBB-,0.002,22.09
656,Services,7000-7999,BB-,0.0103,7.88
657,"Finance, Insurance & Real Estate",6000-6999,B-,0.031,31.37
658,Wholesale & Retail Trade,5000-5999,BBB,0.0007,26.25
659,Communications,4800-4899,A,0.0006,39.77
660,"Finance, Insurance & Real Estate",6000-6999,BBB-,0.002,67.59
661,Mining & Construction,1000-1999,A-,0.0006,89.86
662,Services,7000-7999,BBB,0.0007,33.99
663,Transportation,4000-4799,BB,0.005,16.76
664,"Finance, Insurance & Real Estate",6000-6999,BB,0.005,36.11
665,Services,7000-7999,CCC+,0.2387,13.57
666,Communications,4800-4899,BBB+,0.0008,56.84
667,"Finance, Insurance & Real Estate",6000-6999,BB-,0.0103,36.04
668,Utilities,4900-4999,BBB-,0.002,188.7
669,Transportation,4000-4799,CCC+,0.2387,17.86
670,Utilities,4900-4999,C,0.2387,17.7
671,Utilities,4900-4999,BB-,0.0103,6.19
672,Communications,4800-4899,CCC,0.2387,22.08
673,"Finance, Insurance & Real Estate",6000-6999,BBB-,0.002,22.02
674,Light Manufacturing,2000-2999,A,0.0006,54.78
675,Utilities,4900-4999,BBB+,0.0008,71.07
676,Heavy Manufacturing,3000-3999,A,0.0006,11.33
677,Heavy Manufacturing,3000-3999,BBB,0.0007,103.99
678,Mining & Construction,1000-1999,BB+,0.0024,45.76
679,Light Manufacturing,2000-2999,B-,0.031,19.89
680,Wholesale & Retail Trade,5000-5999,B+,0.0137,22.69
681,Services,7000-7999,B+,0.0137,9.6
682,Transportation,4000-4799,BB+,0.0024,47.72
683,Light Manufacturing,2000-2999,BBB,0.0007,33.32
684,Communications,4800-4899,BB,0.005,69.39
685,Light Manufacturing,2000-2999,BB,0.005,30.26
686,Utilities,4900-4999,BB-,0.0103,46.39
687,Mining & Construction,1000-1999,BB-,0.0103,62.3
688,Transportation,4000-4799,BB,0.005,47.44
689,Services,7000-7999,A+,0.00065,61.68
690,Utilities,4900-4999,BBB+,0.0008,75.01
691,"Finance, Insurance & Real Estate",6000-6999,BBB,0.0007,96.49
692,Communications,4800-4899,CCC,0.2387,6.35
693,Communications,4800-4899,BB+,0.0024,69.91
694,Wholesale & Retail Trade,5000-5999,B+,0.0137,8.82
695,"Finance, Insurance & Real Estate",6000-6999,CCC+,0.2387,21.87
696,Wholesale & Retail Trade,5000-5999,BB-,0.0103,16.14
697,Light Manufacturing,2000-2999,BB+,0.0024,33.34
698,Utilities,4900-4999,BB+,0.0024,90.98
699,Utilities,4900-4999,BBB+,0.0008,114.02
700,Public Administration,9000-9999,BB-,0.0103,24.81
701,Transportation,4000-4799,B-,0.031,6.18
702,"Finance, Insurance & Real Estate",6000-6999,B+,0.0137,1.91
703,Utilities,4900-4999,B,0.0193,66.85
704,Communications,4800-4899,B,0.0193,39.41
705,"Finance, Insurance & Real Estate",6000-6999,CCC-,0.2387,5.21
706,"Finance, Insurance & Real Estate",6000-6999,BBB-,0.002,136.82
707,"Finance, Insurance & Real Estate",6000-6999,BB-,0.0103,27.32
708,Wholesale & Retail Trade,5000-5999,B+,0.0137,20.72
709,Utilities,4900-4999,B-,0.031,42.77
710,Utilities,4900-4999,AA-,0.0007,191.12
711,Services,7000-7999,BBB-,0.002,36.52
712,Utilities,4900-4999,BB+,0.0024,28.54
713,Communications,4800-4899,BBB+,0.0008,84.97
714,Utilities,4900-4999,B,0.0193,37.3
715,Utilities,4900-4999,BB-,0.0103,57.48
716,Utilities,4900-4999,BB+,0.0024,68.13
717,"Finance, Insurance & Real Estate",6000-6999,A,0.0006,74.69
718,"Finance, Insurance & Real Estate",6000-6999,A-,0.0006,63.44
719,Wholesale & Retail Trade,5000-5999,BBB,0.0007,50.77
720,Wholesale & Retail Trade,5000-5999,B+,0.0137,9.5
721,Light Manufacturing,2000-2999,BBB+,0.0008,52.83
722,Mining & Construction,1000-1999,A+,0.00065,117.49
723,Wholesale & Retail Trade,5000-5999,A-,0.0006,41.85
724,Utilities,4900-4999,BBB-,0.002,108.78
725,Communications,4800-4899,CCC,0.2387,23.97
726,Communications,4800-4899,C,0.2387,12.7
727,"Finance, Insurance & Real Estate",6000-6999,BBB-,0.002,81.77
728,"Finance, Insurance & Real Estate",6000-6999,B,0.0193,63.47
729,Communications,4800-4899,CCC+,0.2387,9.78
730,Communications,4800-4899,B-,0.031,22.74
731,"Finance, Insurance & Real Estate",6000-6999,BB,0.005,30.83
732,Services,7000-7999,A-,0.0006,79.7
733,Services,7000-7999,BBB-,0.002,8.36
734,Utilities,4900-4999,A+,0.00065,163.03
735,Utilities,4900-4999,BB-,0.0103,78.94
736,"Finance, Insurance & Real Estate",6000-6999,B,0.0193,18.39
737,Light Manufacturing,2000-2999,A+,0.00065,58.42
738,"Finance, Insurance & Real Estate",6000-6999,BB,0.005,32.2
739,Heavy Manufacturing,3000-3999,BB-,0.0103,9.24
740,Mining & Construction,1000-1999,B-,0.031,21.22
741,Heavy Manufacturing,3000-3999,CCC+,0.2387,17.55
742,"Finance, Insurance & Real Estate",6000-6999,B,0.0193,26.03
743,Mining & Construction,1000-1999,BBB-,0.002,60.57
744,Communications,4800-4899,BB+,0.0024,75.61
745,"Finance, Insurance & Real Estate",6000-6999,B-,0.031,43.9
746,Heavy Manufacturing,3000-3999,BBB-,0.002,17.89
747,Services,7000-7999,BB,0.005,26.11
748,"Finance, Insurance & Real Estate",6000-6999,CCC+,0.2387,13.79
749,Wholesale & Retail Trade,5000-5999,BB,0.005,1.28
750,"Health, Legal & Educational Services",8000-8999,A-,0.0006,22.0
751,Communications,4800-4899,BB+,0.0024,74.49
752,Wholesale & Retail Trade,5000-5999,B+,0.0137,19.03
753,Utilities,4900-4999,BB+,0.0024,38.52
754,Mining & Construction,1000-1999,B-,0.031,39.65
755,Transportation,4000-4799,B-,0.031,24.88
756,"Finance, Insurance & Real Estate",6000-6999,BBB-,0.002,67.58
757,Services,7000-7999,BBB-,0.002,20.41
758,"Finance, Insurance & Real Estate",6000-6999,BB,0.005,60.41
759,Services,7000-7999,BBB+,0.0008,29.02
760,Mining & Construction,1000-1999,BB-,0.0103,53.25
761,Services,7000-7999,BB+,0.0024,27.75
762,Utilities,4900-4999,B,0.0193,54.22
763,Light Manufacturing,2000-2999,BBB-,0.002,29.86
764,Transportation,4000-4799,BBB,0.0007,18.32
765,"Finance, Insurance & Real Estate",6000-6999,CCC,0.2387,25.26
766,"Finance, Insurance & Real Estate",6000-6999,BBB,0.0007,39.71
767,"Health, Legal & Educational Services",8000-8999,BBB-,0.002,23.86
768,Wholesale & Retail Trade,5000-5999,BBB,0.0007,34.95
769,"Finance, Insurance & Real Estate",6000-6999,BB+,0.0024,36.63
770,"Health, Legal & Educational Services",8000-8999,BBB,0.0007,41.57
771,Utilities,4900-4999,BB,0.005,22.27
772,Wholesale & Retail Trade,5000-5999,BBB-,0.002,53.69
773,Wholesale & Retail Trade,5000-5999,BB+,0.0024,18.63
774,"Finance, Insurance & Real Estate",6000-6999,BB-,0.0103,62.91
775,"Finance, Insurance & Real Estate",6000-6999,B+,0.0137,61.66
776,Utilities,4900-4999,B+,0.0137,29.41
777,Transportation,4000-4799,BBB,0.0007,39.68
778,Services,7000-7999,BB-,0.0103,24.96
779,Utilities,4900-4999,BB,0.005,70.58
780,Wholesale & Retail Trade,5000-5999,BB,0.005,22.9
781,Utilities,4900-4999,A,0.0006,22.75
782,Utilities,4900-4999,B+,0.0137,11.95
783,"Finance, Insurance & Real Estate",6000-6999,BB,0.005,63.37
784,Transportation,4000-4799,CCC,0.2387,25.48
785,Services,7000-7999,B+,0.0137,9.71
786,Light Manufacturing,2000-2999,BBB+,0.0008,26.4
787,Utilities,4900-4999,A-,0.0006,142.49
788,"Health, Legal & Educational Services",8000-8999,B-,0.031,12.19
789,Utilities,4900-4999,BBB,0.0007,130.86
790,"Finance, Insurance & Real Estate",6000-6999,B+,0.0137,29.29
791,Light Manufacturing,2000-2999,BB+,0.0024,2.14
792,Communications,4800-4899,CCC-,0.2387,31.96
793,Communications,4800-4899,BB,0.005,37.14
794,"Finance, Insurance & Real Estate",6000-6999,CCC+,0.2387,32.49
795,Transportation,4000-4799,CCC+,0.2387,1.0
796,Mining & Construction,1000-1999,BBB-,0.002,66.33
797,"Finance, Insurance & Real Estate",6000-6999,BB+,0.0024,45.09
798,Services,7000-7999,CCC+,0.2387,3.69
799,"Health, Legal & Educational Services",8000-8999,BB,0.005,26.68
800,Services,7000-7999,BBB,0.0007,52.53
801,"Finance, Insurance & Real Estate",6000-6999,B-,0.031,19.49
802,Light Manufacturing,2000-2999,C,0.2387,11.45
803,Heavy Manufacturing,3000-3999,BB,0.005,15.78
804,Wholesale & Retail Trade,5000-5999,CCC+,0.2387,6.1
805,Light Manufacturing,2000-2999,BB,0.005,22.08
806,"Finance, Insurance & Real Estate",6000-6999,CCC+,0.2387,16.55
807,Transportation,4000-4799,BB+,0.0024,59.3
808,Transportation,4000-4799,CCC+,0.2387,6.57
809,Light Manufacturing,2000-2999,B+,0.0137,27.4
810,"Finance, Insurance & Real Estate",6000-6999,BB+,0.0024,88.8
811,Services,7000-7999,BB-,0.0103,15.16
812,Communications,4800-4899,BBB-,0.002,30.99
813,"Health, Legal & Educational Services",8000-8999,BBB+,0.0008,1.0
814,"Finance, Insurance & Real Estate",6000-6999,BBB+,0.0008,87.18
815,Light Manufacturing,2000-2999,BB,0.005,16.47
816,Utilities,4900-4999,BBB+,0.0008,122.49
817,"Finance, Insurance & Real Estate",6000-6999,B+,0.0137,17.86
818,Communications,4800-4899,B+,0.0137,36.04
819,Utilities,4900-4999,B+,0.0137,47.38
820,"Finance, Insurance & Real Estate",6000-6999,BBB-,0.002,70.39
821,"Finance, Insurance & Real Estate",6000-6999,BB,0.005,57.08
822,Services,7000-7999,BB,0.005,22.89
823,Heavy Manufacturing,3000-3999,CCC+,0.2387,20.93
824,"Finance, Insurance & Real Estate",6000-6999,BBB,0.0007,48.95
825,Mining & Construction,1000-1999,BB+,0.0024,65.14
826,"Finance, Insurance & Real Estate",6000-6999,BB+,0.0024,64.78
827,Mining & Construction,1000-1999,BB,0.005,31.73
828,Mining & Construction,1000-1999,BBB-,0.002,28.4
829,"Finance, Insurance & Real Estate",6000-6999,BBB-,0.002,120.59
830,Light Manufacturing,2000-2999,B-,0.031,15.32
831,Communications,4800-4899,BBB-,0.002,51.5
832,Communications,4800-4899,B,0.0193,32.26
833,Communications,4800-4899,CCC-,0.2387,19.26
834,Wholesale & Retail Trade,5000-5999,CCC+,0.2387,6.53
835,Communications,4800-4899,A,0.0006,39.65
836,Transportation,4000-4799,B,0.0193,26.5
837,Light Manufacturing,2000-2999,B+,0.0137,17.32
838,"Finance, Insurance & Real Estate",6000-6999,B+,0.0137,32.32
839,"Finance, Insurance & Real Estate",6000-6999,A-,0.0006,148.86
840,Utilities,4900-4999,B,0.0193,16.99
841,"Finance, Insurance & Real Estate",6000-6999,BBB+,0.0008,47.66
842,"Finance, Insurance & Real Estate",6000-6999,CCC+,0.2387,21.62
843,Light Manufacturing,2000-2999,B-,0.031,19.21
844,Utilities,4900-4999,C,0.2387,29.14
845,Utilities,4900-4999,BB+,0.0024,104.02
846,Communications,4800-4899,A-,0.0006,1.0
847,Wholesale & Retail Trade,5000-5999,B-,0.031,15.09
848,Wholesale & Retail Trade,5000-5999,B,0.0193,17.28
849,Utilities,4900-4999,BB+,0.0024,102.46
850,Communications,4800-4899,CCC+,0.2387,13.26
851,Wholesale & Retail Trade,5000-5999,B,0.0193,17.94
852,"Finance, Insurance & Real Estate",6000-6999,BBB+,0.0008,134.81
853,"Finance, Insurance & Real Estate",6000-6999,BB+,0.0024,107.76
854,Mining & Construction,1000-1999,BB+,0.0024,54.15
855,Utilities,4900-4999,BB,0.005,25.76
856,"Finance, Insurance & Real Estate",6000-6999,BB-,0.0103,43.79
857,Utilities,4900-4999,BBB-,0.002,118.04
858,"Finance, Insurance & Real Estate",6000-6999,BB,0.005,62.86
859,Light Manufacturing,2000-2999,B+,0.0137,35.84
860,"Finance, Insurance & Real Estate",6000-6999,BB,0.005,45.23
861,Utilities,4900-4999,BB+,0.0024,42.07
862,"Finance, Insurance & Real Estate",6000-6999,BB+,0.0024,41.38
863,Utilities,4900-4999,BB,0.005,84.72
864,"Finance, Insurance & Real Estate",6000-6999,A,0.0006,66.91
865,Light Manufacturing,2000-2999,BB-,0.0103,10.84
866,Mining & Construction,1000-1999,BBB,0.0007,37.84
867,Utilities,4900-4999,BB-,0.0103,85.94
868,Transportation,4000-4799,A-,0.0006,84.79
869,Wholesale & Retail Trade,5000-5999,B,0.0193,11.99
870,Utilities,4900-4999,BB-,0.0103,76.89
871,"Finance, Insurance & Real Estate",6000-6999,A-,0.0006,134.43
872,Communications,4800-4899,BB-,0.0103,22.98
873,"Finance, Insurance & Real Estate",6000-6999,BBB-,0.002,99.09
874,Utilities,4900-4999,CCC-,0.2387,29.01
875,Heavy Manufacturing,3000-3999,B+,0.0137,1.0
876,Public Administration,9000-9999,BBB,0.0007,20.13
877,Utilities,4900-4999,BB-,0.0103,62.11
878,Light Manufacturing,2000-2999,BB,0.005,30.9
879,Mining & Construction,1000-1999,B-,0.031,19.01
880,Mining & Construction,1000-1999,BB-,0.0103,17.44
881,"Finance, Insurance & Real Estate",6000-6999,B+,0.0137,42.33
882,Heavy Manufacturing,3000-3999,BBB+,0.0008,4.84
883,Heavy Manufacturing,3000-3999,B,0.0193,29.34
884,Mining & Construction,1000-1999,CC,0.2387,14.92
885,"Finance, Insurance & Real Estate",6000-6999,B+,0.0137,37.26
886,"Finance, Insurance & Real Estate",6000-6999,BB,0.005,34.27
887,"Health, Legal & Educational Services",8000-8999,BB-,0.0103,21.69
888,Services,7000-7999,BBB,0.0007,1.0
889,Services,7000-7999,BB-,0.0103,9.85
890,Transportation,4000-4799,BBB+,0.0008,87.47
891,Transportation,4000-4799,BB,0.005,25.8
892,Utilities,4900-4999,BB+,0.0024,130.65
893,Communications,4800-4899,BBB,0.0007,92.24
894,Mining & Construction,1000-1999,B+,0.0137,18.98
895,Heavy Manufacturing,3000-3999,A-,0.0006,110.21
896,Mining & Construction,1000-1999,BB,0.005,38.66
897,Utilities,4900-4999,BBB+,0.0008,149.45
898,Wholesale & Retail Trade,5000-5999,CCC-,0.2387,6.24
899,Utilities,4900-4999,CCC-,0.2387,19.23
900,"Finance, Insurance & Real Estate",6000-6999,B,0.0193,44.4
901,"Finance, Insurance & Real Estate",6000-6999,CCC-,0.2387,21.32
902,Mining & Construction,1000-1999,B+,0.0137,19.3
903,"Finance, Insurance & Real Estate",6000-6999,B+,0.0137,21.87
904,Transportation,4000-4799,BB+,0.0024,60.24
905,"Finance, Insurance & Real Estate",6000-6999,BBB,0.0007,151.06
906,Utilities,4900-4999,BB-,0.0103,35.12
907,"Health, Legal & Educational Services",8000-8999,BBB-,0.002,34.17
908,Heavy Manufacturing,3000-3999,BB+,0.0024,1.0
909,Transportation,4000-4799,B,0.0193,9.17
910,Services,7000-7999,BB,0.005,27.11
911,"Finance, Insurance & Real Estate",6000-6999,A-,0.0006,180.67
912,"Finance, Insurance & Real Estate",6000-6999,BB+,0.0024,63.2
913,Utilities,4900-4999,BBB-,0.002,115.55
914,Wholesale & Retail Trade,5000-5999,BB+,0.0024,30.39
915,Utilities,4900-4999,BBB+,0.0008,173.33
916,Light Manufacturing,2000-2999,B-,0.031,7.0
917,Light Manufacturing,2000-2999,CCC-,0.2387,13.25
918,Utilities,4900-4999,BBB+,0.0008,96.46
919,Services,7000-7999,B+,0.0137,12.85
920,"Finance, Insurance & Real Estate",6000-6999,B+,0.0137,38.33
921,"Finance, Insurance & Real Estate",6000-6999,BBB+,0.0008,83.08
922,Services,7000-7999,BB-,0.0103,10.97
923,Heavy Manufacturing,3000-3999,CCC+,0.2387,12.54
924,Light Manufacturing,2000-2999,B,0.0193,9.35
925,Utilities,4900-4999,CCC,0.2387,44.15
926,"Finance, Insurance & Real Estate",6000-6999,BBB+,0.0008,123.36
927,Light Manufacturing,2000-2999,BBB-,0.002,28.99
928,Public Administration,9000-9999,BB-,0.0103,46.17
929,Heavy Manufacturing,3000-3999,BB-,0.0103,49.96
930,Heavy Manufacturing,3000-3999,BB,0.005,44.59
931,Public Administration,9000-9999,BB+,0.0024,27.42
932,Wholesale & Retail Trade,5000-5999,BB+,0.0024,30.44
933,Public Administration,9000-9999,BBB-,0.002,54.96
934,Transportation,4000-4799,B+,0.0137,47.73
935,Mining & Construction,1000-1999,AA,0.000833,119.94
936,Utilities,4900-4999,CCC,0.2387,19.91
937,Mining & Construction,1000-1999,BBB-,0.002,120.88
938,Utilities,4900-4999,A-,0.0006,215.4
939,Services,7000-7999,B+,0.0137,17.71
940,"Finance, Insurance & Real Estate",6000-6999,A-,0.0006,57.17
941,Light Manufacturing,2000-2999,B+,0.0137,23.56
942,Services,7000-7999,BB+,0.0024,37.89
943,Light Manufacturing,2000-2999,B+,0.0137,25.94
944,Heavy Manufacturing,3000-3999,B,0.0193,32.89
945,"Finance, Insurance & Real Estate",6000-6999,CCC+,0.2387,20.95
946,Utilities,4900-4999,BBB-,0.002,140.42
947,Transportation,4000-4799,BB+,0.0024,33.85
948,Mining & Construction,1000-1999,BB,0.005,32.35
949,Utilities,4900-4999,A-,0.0006,103.45
950,Light Manufacturing,2000-2999,B+,0.0137,13.47
951,Communications,4800-4899,BB-,0.0103,77.8
952,Services,7000-7999,A-,0.0006,7.51
953,Services,7000-7999,B-,0.031,12.56
954,Utilities,4900-4999,CCC+,0.2387,14.9
955,"Finance, Insurance & Real Estate",6000-6999,BBB+,0.0008,36.84
956,Mining & Construction,1000-1999,B+,0.0137,32.21
957,Heavy Manufacturing,3000-3999,CCC+,0.2387,3.18
958,Heavy Manufacturing,3000-3999,B,0.0193,22.24
959,"Finance, Insurance & Real Estate",6000-6999,BBB,0.0007,172.64
960,Utilities,4900-4999,A-,0.0006,126.08
961,Communications,4800-4899,BB,0.005,58.94
962,Utilities,4900-4999,BBB-,0.002,57.5
963,Communications,4800-4899,BB,0.005,59.45
964,"Finance, Insurance & Real Estate",6000-6999,BB,0.005,14.13
965,Transportation,4000-4799,B+,0.0137,31.6
966,"Finance, Insurance & Real Estate",6000-6999,BBB-,0.002,66.95
967,Light Manufacturing,2000-2999,BB,0.005,51.24
968,Transportation,4000-4799,D,1.0,11.11
969,Utilities,4900-4999,BB,0.005,55.12
970,"Finance, Insurance & Real Estate",6000-6999,B,0.0193,23.93
971,Public Administration,9000-9999,BB-,0.0103,10.67
972,Wholesale & Retail Trade,5000-5999,BB-,0.0103,26.06
973,Heavy Manufacturing,3000-3999,BBB,0.0007,98.1
974,"Finance, Insurance & Real Estate",6000-6999,B+,0.0137,30.99
975,Heavy Manufacturing,3000-3999,BB,0.005,48.07
976,Utilities,4900-4999,B,0.0193,35.78
977,"Finance, Insurance & Real Estate",6000-6999,CCC-,0.2387,24.19
978,Transportation,4000-4799,BB-,0.0103,39.56
979,Heavy Manufacturing,3000-3999,B,0.0193,6.31
980,Light Manufacturing,2000-2999,BBB,0.0007,25.59
981,"Finance, Insurance & Real Estate",6000-6999,BB,0.005,73.66
982,Utilities,4900-4999,CCC,0.2387,3.45
983,Wholesale & Retail Trade,5000-5999,BB,0.005,22.24
984,Utilities,4900-4999,BBB-,0.002,77.23
985,Utilities,4900-4999,BB-,0.0103,32.04
986,Heavy Manufacturing,3000-3999,BB+,0.0024,43.35
987,Utilities,4900-4999,BB+,0.0024,89.48
988,Heavy Manufacturing,3000-3999,BB+,0.0024,53.85
989,Communications,4800-4899,CCC-,0.2387,1.0
990,Utilities,4900-4999,BBB,0.0007,184.82
991,Light Manufacturing,2000-2999,BB+,0.0024,23.31
992,Heavy Manufacturing,3000-3999,BBB-,0.002,75.44
993,Utilities,4900-4999,B-,0.031,33.92
994,"Finance, Insurance & Real Estate",6000-6999,BB+,0.0024,42.91
995,"Finance, Insurance & Real Estate",6000-6999,CCC+,0.2387,19.45
996,Heavy Manufacturing,3000-3999,BB-,0.0103,78.27
997,Transportation,4000-4799,BB,0.005,66.26
998,"Finance, Insurance & Real Estate",6000-6999,A-,0.0006,83.12
999,Wholesale & Retail Trade,5000-5999,B-,0.031,13.52
1000,"Health, Legal & Educational Services",8000-8999,B+,0.0137,21.11
